{"_timestamp":1.7478651539595306e+09,"_runtime":1115.4988852,"_step":4,"_wandb":{"runtime":1115},"train_loss":0.0020396686159074306}
